mechanic_id,name,service_types,experience_years,ratings,response_time,availability,location
mech_0,Grant Dorsey,"['Battery Change', 'Tire Replacement', 'Engine Repair', 'Wheel Alignment']",10,4.4,52.7,Busy,"{'lat': 23.880644, 'long': 70.045595}"
mech_1,Christina Rodriguez,"['Oil Change', 'Tire Replacement', 'Transmission Repair', 'Suspension Fix']",18,4.7,14.6,Available,"{'lat': 20.490251, 'long': 73.528466}"
mech_2,Lisa Price,['Wheel Alignment'],15,4.9,52.6,Available,"{'lat': 21.476592, 'long': 76.148688}"
mech_3,Susan Walker,"['Transmission Repair', 'AC Service', 'General Service', 'Brake Repair', 'Wheel Alignment']",14,3.3,42.0,Busy,"{'lat': 23.360244, 'long': 76.108957}"
mech_4,Lisa Wilson,"['Suspension Fix', 'Battery Change']",20,4.5,45.9,Available,"{'lat': 29.699044, 'long': 71.630359}"
mech_5,Lauren Johnson MD,"['Suspension Fix', 'Tire Replacement', 'AC Service', 'Engine Repair', 'General Service']",17,3.1,28.1,Busy,"{'lat': 26.28203, 'long': 79.029892}"
mech_6,Jessica Miller,['Wheel Alignment'],16,3.7,54.2,Available,"{'lat': 27.660699, 'long': 76.027576}"
mech_7,Antonio Delgado,['Engine Repair'],4,4.7,49.4,Available,"{'lat': 29.718062, 'long': 70.509996}"
mech_8,Lindsay Johnson,"['Tire Replacement', 'Transmission Repair', 'Battery Change', 'General Service']",12,3.3,46.9,Busy,"{'lat': 25.510884, 'long': 76.82067}"
mech_9,Thomas Ellis,"['Oil Change', 'AC Service', 'Wheel Alignment']",14,4.5,28.8,Busy,"{'lat': 27.510763, 'long': 76.836149}"
mech_10,Jared Bell,"['Wheel Alignment', 'General Service', 'Transmission Repair']",5,3.7,40.0,Available,"{'lat': 21.078759, 'long': 70.153924}"
mech_11,Stephanie Swanson,"['Brake Repair', 'Wheel Alignment', 'Engine Repair']",12,3.1,24.7,Available,"{'lat': 24.691182, 'long': 78.792791}"
mech_12,Karen Johnson,['General Service'],2,3.1,46.0,Available,"{'lat': 29.661597, 'long': 72.527043}"
mech_13,Zachary Arnold,"['AC Service', 'Wheel Alignment', 'Oil Change', 'General Service']",1,3.4,16.5,Busy,"{'lat': 27.256902, 'long': 74.00202}"
mech_14,Curtis Blackburn,"['AC Service', 'Brake Repair', 'Tire Replacement', 'General Service']",8,4.5,18.8,Available,"{'lat': 22.62137, 'long': 79.710852}"
mech_15,Michael Rice,"['General Service', 'Brake Repair', 'Battery Change', 'Suspension Fix']",5,4.3,23.9,Available,"{'lat': 28.555589, 'long': 77.536701}"
mech_16,Michelle Contreras,"['Battery Change', 'Brake Repair']",14,3.3,49.1,Available,"{'lat': 26.382141, 'long': 76.036537}"
mech_17,Brent Turner,['AC Service'],16,4.8,18.5,Available,"{'lat': 25.724873, 'long': 79.698949}"
mech_18,Barbara Garcia,"['AC Service', 'Battery Change', 'Engine Repair']",5,4.1,44.8,Available,"{'lat': 23.711115, 'long': 77.936005}"
mech_19,Brittany Delgado,"['Engine Repair', 'Brake Repair', 'Suspension Fix', 'Transmission Repair', 'Oil Change']",4,3.9,47.3,Available,"{'lat': 23.297983, 'long': 70.088711}"
mech_20,Daniel Sweeney,"['Suspension Fix', 'Tire Replacement', 'Engine Repair', 'Wheel Alignment']",15,4.3,26.3,Available,"{'lat': 27.907665, 'long': 74.812364}"
mech_21,Jeffrey Watkins,['Wheel Alignment'],11,4.3,36.4,Available,"{'lat': 23.184608, 'long': 72.648548}"
mech_22,Glen Mccann,"['Engine Repair', 'Suspension Fix', 'Transmission Repair', 'Tire Replacement']",19,3.1,42.2,Busy,"{'lat': 26.156272, 'long': 70.34581}"
mech_23,Deanna Beasley,"['Transmission Repair', 'Wheel Alignment', 'Brake Repair', 'Oil Change', 'Suspension Fix']",19,4.0,8.6,Busy,"{'lat': 24.40167, 'long': 72.614492}"
mech_24,Douglas Brown,"['Wheel Alignment', 'AC Service', 'Engine Repair']",11,4.5,27.9,Busy,"{'lat': 25.040938, 'long': 74.56924}"
mech_25,Andrew Edwards,"['Tire Replacement', 'Engine Repair', 'Transmission Repair']",15,3.0,34.4,Available,"{'lat': 20.892469, 'long': 77.275943}"
mech_26,Margaret Young,"['Brake Repair', 'Engine Repair', 'AC Service', 'Tire Replacement']",13,4.3,22.1,Available,"{'lat': 20.326408, 'long': 73.49823}"
mech_27,Jason Shaffer,"['Tire Replacement', 'Engine Repair']",11,4.9,25.5,Available,"{'lat': 23.734951, 'long': 78.351765}"
mech_28,Mark Camacho,"['Tire Replacement', 'Engine Repair', 'AC Service', 'Suspension Fix', 'Transmission Repair']",19,3.3,22.1,Busy,"{'lat': 20.453806, 'long': 79.611238}"
mech_29,Brian Cummings,"['Suspension Fix', 'Engine Repair', 'Battery Change', 'Transmission Repair']",15,3.1,45.6,Available,"{'lat': 20.903365, 'long': 78.839363}"
mech_30,Pamela Francis,"['Brake Repair', 'Suspension Fix', 'Wheel Alignment', 'Tire Replacement']",3,4.0,51.6,Available,"{'lat': 25.102497, 'long': 76.984547}"
mech_31,Mrs. Jennifer Johnson MD,['Battery Change'],20,3.0,49.4,Busy,"{'lat': 23.907118, 'long': 78.521513}"
mech_32,Sara Graves,"['Wheel Alignment', 'Oil Change']",10,4.4,58.2,Available,"{'lat': 23.617529, 'long': 77.781238}"
mech_33,Carla Williams,"['Suspension Fix', 'Wheel Alignment', 'Battery Change', 'Engine Repair', 'Transmission Repair']",16,4.6,47.7,Available,"{'lat': 25.820365, 'long': 78.63201}"
mech_34,Carla Powers,"['Oil Change', 'General Service', 'Transmission Repair', 'Suspension Fix', 'Brake Repair']",12,4.7,25.8,Busy,"{'lat': 28.010631, 'long': 76.900436}"
mech_35,Paul Mann,"['Brake Repair', 'Suspension Fix', 'Tire Replacement', 'Transmission Repair']",3,4.7,19.1,Busy,"{'lat': 22.63555, 'long': 70.692737}"
mech_36,Anthony Jones,"['Engine Repair', 'Battery Change', 'Wheel Alignment', 'AC Service']",1,4.9,30.5,Available,"{'lat': 22.820891, 'long': 76.055585}"
mech_37,Regina Collins,"['General Service', 'Transmission Repair', 'Suspension Fix', 'Wheel Alignment', 'Brake Repair']",7,4.0,40.1,Busy,"{'lat': 24.28224, 'long': 77.647643}"
mech_38,Megan Porter,"['Oil Change', 'General Service', 'Transmission Repair', 'AC Service']",3,3.9,7.9,Available,"{'lat': 27.350548, 'long': 70.574266}"
mech_39,Darren Johnson,['Suspension Fix'],5,4.6,11.3,Available,"{'lat': 25.607481, 'long': 76.023001}"
mech_40,Krystal Hayes,"['General Service', 'Transmission Repair']",7,4.1,15.2,Busy,"{'lat': 22.005065, 'long': 71.723338}"
mech_41,Dana Sutton,"['Wheel Alignment', 'General Service', 'Brake Repair', 'Transmission Repair', 'Oil Change']",6,4.1,54.2,Busy,"{'lat': 20.706306, 'long': 75.528555}"
mech_42,David Allen,"['Battery Change', 'Brake Repair', 'Engine Repair', 'Tire Replacement', 'Suspension Fix']",8,3.1,44.6,Available,"{'lat': 22.052129, 'long': 77.325772}"
mech_43,Paula Pineda,"['Oil Change', 'Brake Repair', 'Suspension Fix', 'General Service']",13,4.2,32.8,Available,"{'lat': 22.775429, 'long': 79.115764}"
mech_44,Carol Nelson,"['Battery Change', 'Engine Repair', 'Oil Change', 'AC Service', 'Suspension Fix']",15,3.4,25.2,Busy,"{'lat': 29.306085, 'long': 71.521501}"
mech_45,Lisa Gilbert,"['Engine Repair', 'AC Service', 'Tire Replacement', 'Brake Repair']",14,3.9,49.3,Busy,"{'lat': 22.287428, 'long': 72.732067}"
mech_46,Pamela Washington,"['General Service', 'Engine Repair']",7,4.7,18.2,Available,"{'lat': 21.035727, 'long': 74.595764}"
mech_47,Willie Ritter,"['Transmission Repair', 'Brake Repair', 'Engine Repair', 'Tire Replacement', 'General Service']",10,3.6,46.2,Busy,"{'lat': 24.891286, 'long': 76.956052}"
mech_48,Melissa Thomas MD,['Suspension Fix'],7,3.6,13.8,Available,"{'lat': 21.661299, 'long': 73.582981}"
mech_49,Nicholas Carlson,['Battery Change'],4,3.9,17.1,Available,"{'lat': 22.336794, 'long': 71.38488}"
mech_50,Randy Turner,"['Transmission Repair', 'Brake Repair', 'General Service', 'Suspension Fix']",16,4.5,19.7,Busy,"{'lat': 21.80064, 'long': 70.168319}"
mech_51,Mrs. Chelsea Martin,"['Battery Change', 'Tire Replacement', 'Engine Repair', 'General Service', 'Transmission Repair']",3,3.1,21.6,Available,"{'lat': 21.160458, 'long': 70.963351}"
mech_52,Melissa Petersen,"['AC Service', 'Suspension Fix', 'General Service', 'Brake Repair']",4,4.0,12.1,Available,"{'lat': 29.143369, 'long': 74.197455}"
mech_53,Sarah Carter,"['Tire Replacement', 'General Service', 'Transmission Repair']",19,3.2,27.1,Available,"{'lat': 28.573338, 'long': 79.258016}"
mech_54,Christina Ramirez,"['Oil Change', 'Tire Replacement', 'Engine Repair', 'Suspension Fix', 'General Service']",16,3.3,15.4,Busy,"{'lat': 25.573471, 'long': 74.061423}"
mech_55,Rachel Nelson,"['Wheel Alignment', 'Engine Repair', 'Oil Change', 'Transmission Repair', 'AC Service']",1,4.3,36.5,Busy,"{'lat': 23.96525, 'long': 75.666205}"
mech_56,Joseph Thomas,['Wheel Alignment'],10,4.5,33.1,Available,"{'lat': 28.52873, 'long': 71.249859}"
mech_57,April Hughes,['Battery Change'],6,3.9,25.3,Busy,"{'lat': 22.204085, 'long': 76.401905}"
mech_58,Kristina Green,"['General Service', 'Wheel Alignment']",11,3.5,25.3,Busy,"{'lat': 21.027945, 'long': 78.4472}"
mech_59,Tracy Martinez,"['AC Service', 'Wheel Alignment', 'Oil Change', 'General Service']",18,3.4,21.3,Available,"{'lat': 22.33994, 'long': 70.89635}"
mech_60,Elizabeth Reyes,"['Transmission Repair', 'Tire Replacement', 'Brake Repair', 'Suspension Fix', 'AC Service']",19,3.9,33.6,Available,"{'lat': 25.950661, 'long': 78.013965}"
mech_61,Vincent Summers,"['Transmission Repair', 'Oil Change', 'Tire Replacement', 'Battery Change']",3,4.1,8.1,Busy,"{'lat': 22.473981, 'long': 79.058545}"
mech_62,Pamela Payne,"['Wheel Alignment', 'General Service', 'Transmission Repair']",16,3.2,58.8,Available,"{'lat': 24.248042, 'long': 75.616322}"
mech_63,Sandra Wilson,"['Engine Repair', 'Brake Repair', 'AC Service']",17,3.7,35.0,Available,"{'lat': 26.080767, 'long': 72.558095}"
mech_64,Morgan Walker,"['Wheel Alignment', 'Transmission Repair']",3,3.1,33.3,Busy,"{'lat': 26.116689, 'long': 77.362103}"
mech_65,Brandi Smith,"['Wheel Alignment', 'Oil Change']",10,3.5,50.4,Available,"{'lat': 27.773838, 'long': 71.020051}"
mech_66,Michael Brandt,"['Brake Repair', 'Engine Repair', 'AC Service', 'Transmission Repair']",8,4.1,20.8,Available,"{'lat': 24.354011, 'long': 74.965566}"
mech_67,Tracy Hawkins,"['Transmission Repair', 'Engine Repair']",18,3.7,19.2,Busy,"{'lat': 21.298601, 'long': 78.991225}"
mech_68,Erica Jenkins,['General Service'],15,3.3,28.9,Available,"{'lat': 20.78387, 'long': 74.551764}"
mech_69,Ebony Doyle,"['Transmission Repair', 'AC Service', 'Wheel Alignment', 'Battery Change']",17,4.6,48.9,Available,"{'lat': 20.175189, 'long': 72.844733}"
mech_70,Dawn Wiggins,"['General Service', 'Oil Change', 'Suspension Fix']",5,4.7,55.0,Busy,"{'lat': 26.150724, 'long': 79.349886}"
mech_71,Tamara Vargas,"['Suspension Fix', 'Transmission Repair']",7,4.6,48.6,Busy,"{'lat': 23.900697, 'long': 78.275041}"
mech_72,Mandy Huffman,"['Suspension Fix', 'Oil Change']",1,3.1,44.6,Busy,"{'lat': 23.228009, 'long': 73.303181}"
mech_73,Melanie Thompson,"['Oil Change', 'AC Service', 'General Service', 'Battery Change', 'Engine Repair']",3,4.7,7.7,Busy,"{'lat': 25.867845, 'long': 79.888252}"
mech_74,Jennifer Tyler,"['Tire Replacement', 'General Service', 'Brake Repair', 'Battery Change']",7,3.8,41.5,Available,"{'lat': 27.819025, 'long': 70.542214}"
mech_75,Michael Blair,"['Brake Repair', 'General Service', 'Transmission Repair', 'Oil Change']",10,4.9,57.6,Busy,"{'lat': 22.620155, 'long': 79.72202}"
mech_76,Michael Murphy,['General Service'],8,3.1,58.7,Busy,"{'lat': 26.17031, 'long': 70.1982}"
mech_77,Chris Vega,"['Brake Repair', 'Battery Change']",15,3.0,55.4,Busy,"{'lat': 25.041826, 'long': 72.177013}"
mech_78,Christina Martin,"['Transmission Repair', 'Wheel Alignment', 'Tire Replacement', 'Engine Repair', 'Oil Change']",11,3.8,52.2,Busy,"{'lat': 29.172595, 'long': 76.029533}"
mech_79,Carla Hanson,"['AC Service', 'Tire Replacement', 'Brake Repair']",5,3.7,36.6,Busy,"{'lat': 29.201645, 'long': 75.462214}"
mech_80,Sharon Boyer,"['Suspension Fix', 'Engine Repair', 'Oil Change', 'Brake Repair', 'Wheel Alignment']",20,4.4,14.9,Busy,"{'lat': 20.343431, 'long': 79.163451}"
mech_81,Penny Mills,"['Suspension Fix', 'Brake Repair', 'Wheel Alignment']",15,4.9,37.9,Busy,"{'lat': 22.301903, 'long': 75.945899}"
mech_82,Garrett Cook,"['Transmission Repair', 'Engine Repair', 'Suspension Fix']",6,3.4,59.6,Available,"{'lat': 27.620464, 'long': 71.515462}"
mech_83,Robert Turner,"['Tire Replacement', 'General Service', 'Oil Change', 'Engine Repair', 'Suspension Fix']",5,4.0,9.8,Available,"{'lat': 29.304599, 'long': 78.507018}"
mech_84,John Reynolds,"['Transmission Repair', 'Oil Change', 'Tire Replacement', 'Brake Repair']",7,3.0,14.4,Available,"{'lat': 22.782836, 'long': 75.235567}"
mech_85,Michael Hicks Jr.,"['Battery Change', 'General Service', 'Oil Change', 'Transmission Repair', 'Tire Replacement']",2,3.4,16.9,Available,"{'lat': 24.329068, 'long': 71.498596}"
mech_86,Jared Combs,"['AC Service', 'Oil Change', 'Battery Change', 'Brake Repair', 'Engine Repair']",7,4.6,11.1,Available,"{'lat': 26.759467, 'long': 78.902253}"
mech_87,Sarah Hunt,"['Battery Change', 'Wheel Alignment', 'Engine Repair', 'General Service', 'Suspension Fix']",15,3.9,40.0,Available,"{'lat': 21.2528, 'long': 72.147684}"
mech_88,Ryan Gardner,"['Oil Change', 'Transmission Repair', 'General Service', 'Wheel Alignment']",13,4.4,13.6,Busy,"{'lat': 29.28769, 'long': 77.53556}"
mech_89,James Scott,"['AC Service', 'Battery Change', 'Brake Repair', 'Transmission Repair']",18,4.0,47.2,Available,"{'lat': 28.473452, 'long': 75.71629}"
mech_90,Robert Macias,"['Tire Replacement', 'Brake Repair', 'Engine Repair', 'Transmission Repair']",1,4.8,16.5,Available,"{'lat': 21.850078, 'long': 77.092442}"
mech_91,Nicholas Frazier,"['Battery Change', 'General Service', 'Oil Change', 'Engine Repair']",1,3.9,34.9,Busy,"{'lat': 26.087648, 'long': 75.974768}"
mech_92,Lindsay Morris,"['Transmission Repair', 'AC Service', 'Engine Repair', 'Battery Change']",16,3.4,43.8,Busy,"{'lat': 21.636564, 'long': 77.418816}"
mech_93,Jasmine Travis,['Suspension Fix'],6,3.1,45.8,Available,"{'lat': 20.879333, 'long': 79.188895}"
mech_94,Michael Ward,['Tire Replacement'],13,3.2,32.8,Available,"{'lat': 26.087962, 'long': 78.85827}"
mech_95,Howard Miller,"['General Service', 'Oil Change', 'Tire Replacement', 'Suspension Fix', 'Battery Change']",16,4.0,39.2,Busy,"{'lat': 20.944398, 'long': 70.127199}"
mech_96,Brian Bonilla,"['Suspension Fix', 'Tire Replacement', 'Battery Change', 'AC Service', 'Transmission Repair']",16,3.4,48.6,Available,"{'lat': 20.572342, 'long': 71.842341}"
mech_97,Crystal Perez,"['AC Service', 'Tire Replacement', 'General Service', 'Brake Repair', 'Engine Repair']",10,4.0,29.9,Busy,"{'lat': 21.598564, 'long': 73.965371}"
mech_98,Sarah Hendricks,"['General Service', 'Battery Change', 'Oil Change']",1,5.0,22.4,Busy,"{'lat': 25.479715, 'long': 71.254099}"
mech_99,Christine Smith,"['Brake Repair', 'Battery Change', 'Wheel Alignment', 'Suspension Fix']",13,3.3,58.3,Busy,"{'lat': 22.334162, 'long': 77.117571}"
mech_100,Alison Clay,['Suspension Fix'],17,3.1,14.8,Busy,"{'lat': 23.595935, 'long': 77.208367}"
mech_101,Eric Jones,['Wheel Alignment'],12,3.8,22.6,Busy,"{'lat': 29.097057, 'long': 75.150956}"
mech_102,Allison Perkins,"['Battery Change', 'Suspension Fix']",20,3.7,39.7,Available,"{'lat': 29.78296, 'long': 74.38579}"
mech_103,Dennis Collier,"['Oil Change', 'Battery Change']",6,3.1,24.1,Available,"{'lat': 21.758157, 'long': 73.165881}"
mech_104,Robert Bentley,"['Oil Change', 'Engine Repair', 'AC Service', 'Suspension Fix']",4,4.3,14.7,Available,"{'lat': 29.465669, 'long': 79.601982}"
mech_105,Gregory David,"['General Service', 'Brake Repair']",12,4.0,9.5,Available,"{'lat': 28.708517, 'long': 79.068079}"
mech_106,James Bradford,"['Brake Repair', 'Tire Replacement', 'Suspension Fix']",12,3.7,39.2,Available,"{'lat': 22.622463, 'long': 70.928388}"
mech_107,Stephanie Smith,['Engine Repair'],19,4.1,30.5,Available,"{'lat': 20.04082, 'long': 76.109304}"
mech_108,Robert Walters,"['Battery Change', 'AC Service', 'Engine Repair', 'Transmission Repair', 'Oil Change']",14,3.7,24.8,Available,"{'lat': 27.375081, 'long': 71.345668}"
mech_109,Anthony Kelley,"['Transmission Repair', 'AC Service', 'General Service', 'Engine Repair', 'Brake Repair']",7,3.3,23.2,Available,"{'lat': 27.22643, 'long': 71.869893}"
mech_110,Bradley Lopez,"['Suspension Fix', 'Wheel Alignment', 'AC Service', 'Transmission Repair']",2,4.7,55.1,Available,"{'lat': 23.963705, 'long': 76.765813}"
mech_111,Michael Vega,"['Transmission Repair', 'Brake Repair', 'General Service', 'Battery Change']",3,4.6,25.8,Available,"{'lat': 21.021811, 'long': 72.260353}"
mech_112,Crystal Rojas,"['Battery Change', 'Transmission Repair']",2,4.0,13.8,Busy,"{'lat': 27.946436, 'long': 71.382313}"
mech_113,Stacey Shaffer,"['Engine Repair', 'Suspension Fix', 'Battery Change', 'Transmission Repair', 'Tire Replacement']",14,4.0,41.0,Available,"{'lat': 21.599937, 'long': 77.620159}"
mech_114,Jessica Castro,"['AC Service', 'Suspension Fix']",4,3.8,52.4,Available,"{'lat': 29.953132, 'long': 72.394875}"
mech_115,Nicole Gonzalez,"['Tire Replacement', 'Wheel Alignment', 'Suspension Fix', 'AC Service', 'Brake Repair']",13,4.2,49.8,Busy,"{'lat': 20.286046, 'long': 78.310895}"
mech_116,Matthew Larson,"['Oil Change', 'Brake Repair', 'Engine Repair', 'Tire Replacement']",8,3.3,45.6,Available,"{'lat': 28.038407, 'long': 70.285771}"
mech_117,Karen Sosa,"['Oil Change', 'Transmission Repair', 'Engine Repair', 'Wheel Alignment', 'Suspension Fix']",2,4.3,56.5,Available,"{'lat': 24.825092, 'long': 77.873671}"
mech_118,Allen Andersen,['Brake Repair'],2,3.6,12.9,Busy,"{'lat': 20.093537, 'long': 79.179709}"
mech_119,Jon Hoffman,"['Battery Change', 'Transmission Repair', 'Oil Change', 'Wheel Alignment', 'General Service']",1,4.3,45.0,Available,"{'lat': 23.329528, 'long': 70.888025}"
mech_120,Luis Reyes,"['Brake Repair', 'Transmission Repair', 'Tire Replacement', 'Engine Repair', 'Wheel Alignment']",13,4.6,48.9,Busy,"{'lat': 28.157308, 'long': 79.138982}"
mech_121,Carlos Campos,"['Oil Change', 'Suspension Fix', 'General Service']",11,3.8,10.9,Available,"{'lat': 22.433777, 'long': 75.529947}"
mech_122,Amanda Walter,"['Tire Replacement', 'Engine Repair']",15,3.2,21.1,Busy,"{'lat': 28.86353, 'long': 79.152541}"
mech_123,Brenda Harris,"['AC Service', 'Brake Repair', 'Tire Replacement', 'General Service', 'Suspension Fix']",16,3.7,51.3,Busy,"{'lat': 22.818768, 'long': 71.055375}"
mech_124,Courtney Coleman,['Transmission Repair'],4,3.2,15.7,Busy,"{'lat': 28.127159, 'long': 77.918165}"
mech_125,Gina Higgins,"['Battery Change', 'Tire Replacement', 'Suspension Fix']",6,3.0,21.9,Available,"{'lat': 21.581402, 'long': 78.44348}"
mech_126,Stephen Ponce,"['General Service', 'Engine Repair']",13,4.6,15.0,Busy,"{'lat': 21.668818, 'long': 73.513682}"
mech_127,Amanda Adams,"['General Service', 'AC Service', 'Transmission Repair']",13,3.5,22.2,Busy,"{'lat': 22.61889, 'long': 75.78081}"
mech_128,Maurice Glover,"['Oil Change', 'Wheel Alignment']",8,4.3,34.9,Busy,"{'lat': 24.060637, 'long': 74.045586}"
mech_129,Mathew Campbell,"['Wheel Alignment', 'Brake Repair', 'Oil Change', 'Transmission Repair']",17,3.2,12.5,Busy,"{'lat': 25.714305, 'long': 73.253214}"
mech_130,Brittany Peterson,"['Tire Replacement', 'Brake Repair', 'Oil Change', 'Transmission Repair']",9,3.7,14.0,Available,"{'lat': 25.085245, 'long': 77.089933}"
mech_131,Scott Jimenez,"['Battery Change', 'Tire Replacement', 'Engine Repair']",11,4.0,22.8,Available,"{'lat': 24.593058, 'long': 76.28871}"
mech_132,James Johnson,"['Tire Replacement', 'Suspension Fix', 'Battery Change', 'General Service', 'Brake Repair']",3,4.7,58.4,Available,"{'lat': 22.122686, 'long': 70.442438}"
mech_133,William Brewer,"['Wheel Alignment', 'Battery Change', 'General Service']",10,3.6,30.0,Busy,"{'lat': 22.448027, 'long': 75.460065}"
mech_134,John Jackson,"['Battery Change', 'Brake Repair', 'General Service', 'Suspension Fix']",11,3.3,17.5,Busy,"{'lat': 20.118554, 'long': 70.387989}"
mech_135,Jacob Smith,['Brake Repair'],16,4.1,42.1,Available,"{'lat': 27.722125, 'long': 76.905103}"
mech_136,Melissa Jackson,"['Brake Repair', 'Suspension Fix']",19,4.0,29.8,Available,"{'lat': 22.931448, 'long': 76.750501}"
mech_137,Edwin Dudley,['AC Service'],11,4.3,55.2,Busy,"{'lat': 29.41828, 'long': 72.679945}"
mech_138,Catherine Nielsen,['Battery Change'],20,4.2,52.5,Available,"{'lat': 29.230611, 'long': 75.469355}"
mech_139,Ryan Jones,"['Tire Replacement', 'Wheel Alignment', 'Transmission Repair', 'Oil Change']",9,3.4,39.0,Available,"{'lat': 20.881374, 'long': 72.185208}"
mech_140,Warren Walker,"['Suspension Fix', 'Brake Repair', 'AC Service', 'Engine Repair']",20,4.5,22.4,Available,"{'lat': 21.416794, 'long': 75.449889}"
mech_141,Dennis Rogers,"['Brake Repair', 'Transmission Repair']",20,3.1,10.2,Available,"{'lat': 26.998781, 'long': 74.647138}"
mech_142,Julie Hall,"['Battery Change', 'Tire Replacement']",9,3.7,40.1,Busy,"{'lat': 26.413062, 'long': 79.678168}"
mech_143,Jacob Weaver,"['Battery Change', 'Oil Change', 'Engine Repair']",13,4.6,7.8,Available,"{'lat': 21.96014, 'long': 78.156993}"
mech_144,Margaret Carney,"['Suspension Fix', 'Brake Repair', 'Transmission Repair', 'Tire Replacement', 'Oil Change']",12,4.8,37.3,Busy,"{'lat': 26.94832, 'long': 79.141366}"
mech_145,Amy Bennett,['General Service'],13,4.2,24.7,Busy,"{'lat': 22.106277, 'long': 75.775432}"
mech_146,Colleen Olson,['Battery Change'],19,3.9,41.7,Available,"{'lat': 20.07449, 'long': 72.47097}"
mech_147,Matthew Jennings,"['Transmission Repair', 'Oil Change', 'Suspension Fix', 'AC Service', 'Tire Replacement']",9,3.5,14.6,Busy,"{'lat': 22.61048, 'long': 77.222666}"
mech_148,Jose Diaz,"['Battery Change', 'Brake Repair', 'General Service']",13,4.9,5.5,Busy,"{'lat': 23.198214, 'long': 74.899306}"
mech_149,Jonathan Simpson,"['Engine Repair', 'AC Service', 'General Service', 'Battery Change']",9,4.0,44.9,Busy,"{'lat': 27.166248, 'long': 73.357248}"
mech_150,Thomas Fuller,"['AC Service', 'Transmission Repair', 'Brake Repair', 'Tire Replacement']",2,4.9,49.0,Available,"{'lat': 24.298378, 'long': 79.848365}"
mech_151,Ryan Higgins,"['Engine Repair', 'Suspension Fix']",19,4.7,21.6,Busy,"{'lat': 25.28256, 'long': 76.305845}"
mech_152,Tiffany Weber,"['Suspension Fix', 'Brake Repair']",10,3.6,7.0,Available,"{'lat': 23.260446, 'long': 74.62707}"
mech_153,Ian Peterson,"['Engine Repair', 'Tire Replacement', 'General Service', 'Brake Repair', 'Suspension Fix']",18,3.9,50.9,Available,"{'lat': 20.371651, 'long': 76.134149}"
mech_154,Jesus Kelly,"['Engine Repair', 'Oil Change']",2,4.7,40.6,Busy,"{'lat': 22.768853, 'long': 73.703636}"
mech_155,Lauren Winters,"['Suspension Fix', 'General Service', 'Oil Change', 'Transmission Repair']",11,5.0,58.6,Busy,"{'lat': 21.120378, 'long': 77.516179}"
mech_156,Robin Powell,"['Battery Change', 'Wheel Alignment', 'Transmission Repair']",6,4.4,21.7,Busy,"{'lat': 22.243566, 'long': 74.75494}"
mech_157,Rebecca Nichols,"['Engine Repair', 'General Service', 'Transmission Repair', 'Tire Replacement']",4,4.4,10.0,Available,"{'lat': 24.711377, 'long': 76.055618}"
mech_158,Adrienne Potts,['Tire Replacement'],17,3.4,55.1,Busy,"{'lat': 25.232649, 'long': 76.498594}"
mech_159,Melissa Hansen,"['Tire Replacement', 'Wheel Alignment']",9,4.0,59.5,Busy,"{'lat': 23.776041, 'long': 76.328097}"
mech_160,Ryan Perry,['Transmission Repair'],5,3.3,5.3,Busy,"{'lat': 20.177441, 'long': 79.933439}"
mech_161,Chris Graham,"['Tire Replacement', 'General Service', 'Oil Change', 'Suspension Fix']",13,3.3,36.8,Busy,"{'lat': 24.869364, 'long': 73.561127}"
mech_162,Melissa Cruz,"['General Service', 'Engine Repair', 'AC Service', 'Battery Change', 'Wheel Alignment']",10,4.2,58.8,Busy,"{'lat': 22.928027, 'long': 77.96872}"
mech_163,Johnathan Weiss,"['AC Service', 'Brake Repair']",6,3.6,12.6,Busy,"{'lat': 21.197085, 'long': 77.179893}"
mech_164,Victor Knight,"['AC Service', 'Battery Change']",20,4.4,59.6,Busy,"{'lat': 23.714419, 'long': 75.973845}"
mech_165,Rebecca Jimenez,"['Suspension Fix', 'General Service']",15,4.1,55.7,Busy,"{'lat': 20.251317, 'long': 70.949861}"
mech_166,Shawn Benitez,"['Wheel Alignment', 'Brake Repair']",14,3.5,14.2,Available,"{'lat': 24.248384, 'long': 70.841224}"
mech_167,Seth Leblanc,"['Engine Repair', 'Transmission Repair', 'Wheel Alignment', 'AC Service']",19,4.0,7.0,Available,"{'lat': 25.50383, 'long': 75.953534}"
mech_168,Nicholas Scott,"['AC Service', 'Engine Repair', 'General Service', 'Battery Change', 'Suspension Fix']",2,3.1,49.3,Available,"{'lat': 28.384214, 'long': 70.692963}"
mech_169,Mary Waller,['Oil Change'],10,4.8,59.2,Available,"{'lat': 22.978626, 'long': 78.511092}"
mech_170,Kelly Richmond,['Brake Repair'],3,4.5,5.6,Busy,"{'lat': 24.059532, 'long': 78.336738}"
mech_171,Laura Lewis,['Brake Repair'],17,4.1,7.9,Busy,"{'lat': 26.089233, 'long': 71.103169}"
mech_172,Dr. Jeremy Fowler,"['Oil Change', 'Suspension Fix', 'Engine Repair', 'AC Service']",2,3.9,36.6,Available,"{'lat': 21.225342, 'long': 76.058192}"
mech_173,Henry King,"['AC Service', 'Battery Change', 'Wheel Alignment', 'General Service', 'Engine Repair']",15,3.3,38.0,Available,"{'lat': 22.135449, 'long': 77.713106}"
mech_174,Michelle Brown,"['Engine Repair', 'Wheel Alignment', 'Suspension Fix', 'Oil Change', 'General Service']",11,4.3,45.6,Busy,"{'lat': 29.427224, 'long': 76.98757}"
mech_175,Tara Bailey,"['Battery Change', 'Brake Repair']",19,3.1,45.6,Available,"{'lat': 21.557052, 'long': 73.124508}"
mech_176,Katie Daniel,"['Brake Repair', 'Transmission Repair', 'Wheel Alignment', 'Oil Change', 'Battery Change']",4,3.6,20.1,Available,"{'lat': 26.730742, 'long': 79.903131}"
mech_177,Matthew Acevedo,"['Wheel Alignment', 'Battery Change', 'AC Service', 'Engine Repair']",18,3.8,41.7,Busy,"{'lat': 25.188927, 'long': 75.956052}"
mech_178,Kendra Moreno,['Transmission Repair'],2,4.4,51.5,Available,"{'lat': 25.077523, 'long': 70.645957}"
mech_179,Tiffany Dominguez,"['Battery Change', 'Transmission Repair']",8,3.4,28.0,Busy,"{'lat': 28.938686, 'long': 70.179707}"
mech_180,Nicole Page,"['Wheel Alignment', 'Engine Repair', 'Oil Change', 'Battery Change']",3,3.0,28.7,Available,"{'lat': 27.218093, 'long': 79.530458}"
mech_181,David Dixon,"['AC Service', 'Engine Repair', 'Oil Change', 'Tire Replacement', 'General Service']",8,3.4,34.4,Available,"{'lat': 21.964004, 'long': 75.141869}"
mech_182,Grace Jackson,"['General Service', 'Tire Replacement', 'Oil Change']",1,3.5,45.3,Available,"{'lat': 21.43649, 'long': 70.748051}"
mech_183,Emily Harvey,"['Engine Repair', 'Tire Replacement', 'Transmission Repair', 'General Service']",20,3.4,55.6,Busy,"{'lat': 28.6514, 'long': 75.950236}"
mech_184,Tracey Pineda,"['Wheel Alignment', 'Engine Repair', 'Transmission Repair', 'Suspension Fix']",8,4.0,28.2,Busy,"{'lat': 21.45396, 'long': 77.717634}"
mech_185,Joshua Santos,"['Engine Repair', 'Suspension Fix', 'Transmission Repair', 'Brake Repair']",18,4.3,52.7,Busy,"{'lat': 22.79353, 'long': 77.069219}"
mech_186,Jessica Washington,"['Suspension Fix', 'Transmission Repair', 'Battery Change']",16,4.2,27.8,Available,"{'lat': 24.042178, 'long': 78.276768}"
mech_187,Shawn Barnes,"['Brake Repair', 'Suspension Fix']",4,3.9,17.4,Busy,"{'lat': 20.866092, 'long': 73.723816}"
mech_188,Peter Soto,"['Wheel Alignment', 'Brake Repair']",5,4.4,58.5,Available,"{'lat': 21.629749, 'long': 78.949162}"
mech_189,Julie Hanson,"['Engine Repair', 'Tire Replacement', 'General Service', 'Brake Repair']",10,3.7,9.9,Available,"{'lat': 28.214381, 'long': 75.313983}"
mech_190,Cynthia Chan,"['AC Service', 'Transmission Repair', 'Battery Change']",14,4.4,39.7,Busy,"{'lat': 29.872334, 'long': 70.030551}"
mech_191,Jonathan Leon,"['Suspension Fix', 'Battery Change', 'Tire Replacement', 'Oil Change']",12,3.5,22.7,Available,"{'lat': 24.217776, 'long': 70.664661}"
mech_192,Steve Jones,"['Oil Change', 'Suspension Fix', 'Wheel Alignment']",4,3.6,45.2,Available,"{'lat': 21.925713, 'long': 76.448947}"
mech_193,Sharon Lawrence,"['Battery Change', 'Suspension Fix', 'Brake Repair', 'Engine Repair']",15,3.8,19.9,Busy,"{'lat': 23.583705, 'long': 79.559481}"
mech_194,Jennifer Tapia,"['AC Service', 'Wheel Alignment', 'Battery Change', 'Transmission Repair']",14,3.9,35.9,Busy,"{'lat': 26.390811, 'long': 73.312627}"
mech_195,Tom Reynolds,"['Tire Replacement', 'Wheel Alignment', 'AC Service']",9,3.8,55.7,Busy,"{'lat': 29.853796, 'long': 71.135938}"
mech_196,Erik Edwards,"['Engine Repair', 'Brake Repair']",16,3.7,37.8,Available,"{'lat': 24.551529, 'long': 73.565918}"
mech_197,David Cooper,['General Service'],11,4.0,15.1,Available,"{'lat': 23.668195, 'long': 78.552617}"
mech_198,Jessica Chen,"['Battery Change', 'AC Service', 'Suspension Fix', 'Brake Repair', 'Wheel Alignment']",5,3.2,10.9,Busy,"{'lat': 27.345037, 'long': 79.498046}"
mech_199,Eric Mosley,"['Suspension Fix', 'AC Service', 'Oil Change', 'Wheel Alignment']",18,4.2,44.6,Busy,"{'lat': 20.830456, 'long': 72.405996}"
mech_200,Jennifer Vaughan,"['Wheel Alignment', 'Suspension Fix', 'General Service']",5,4.6,35.7,Busy,"{'lat': 22.263472, 'long': 71.201314}"
mech_201,Brittany Walker,"['Brake Repair', 'Battery Change', 'General Service']",6,4.4,31.1,Busy,"{'lat': 25.732796, 'long': 78.568084}"
mech_202,Dr. Samantha Sutton,['Brake Repair'],13,5.0,48.5,Busy,"{'lat': 21.873679, 'long': 75.960844}"
mech_203,Daniel Peterson,"['Oil Change', 'Wheel Alignment', 'Battery Change', 'AC Service']",1,4.7,20.6,Busy,"{'lat': 28.616651, 'long': 77.217775}"
mech_204,Antonio Gibson,"['Oil Change', 'Wheel Alignment', 'General Service', 'Engine Repair', 'Battery Change']",14,4.0,19.0,Available,"{'lat': 29.093461, 'long': 78.286982}"
mech_205,Brian Blevins,['Wheel Alignment'],5,3.3,9.7,Busy,"{'lat': 23.879676, 'long': 71.389046}"
mech_206,Ruth Stephens,"['Oil Change', 'Wheel Alignment']",16,3.2,39.5,Busy,"{'lat': 27.765956, 'long': 77.456097}"
mech_207,Reginald Baker,"['Transmission Repair', 'Suspension Fix', 'Battery Change']",10,3.1,14.7,Available,"{'lat': 28.473237, 'long': 75.298304}"
mech_208,Kenneth Smith,"['Tire Replacement', 'Suspension Fix', 'Battery Change']",5,3.7,26.8,Available,"{'lat': 24.923749, 'long': 78.61631}"
mech_209,Emily Clark,['Tire Replacement'],12,4.0,52.3,Busy,"{'lat': 21.876421, 'long': 70.620852}"
mech_210,Dr. Nicholas Chavez,"['Brake Repair', 'Tire Replacement', 'Oil Change', 'Transmission Repair', 'General Service']",18,4.8,50.9,Busy,"{'lat': 25.19324, 'long': 79.968848}"
mech_211,Robert Estes,"['Battery Change', 'General Service', 'Tire Replacement']",3,3.5,51.7,Available,"{'lat': 24.555307, 'long': 70.40169}"
mech_212,Allison Bishop,"['General Service', 'AC Service', 'Wheel Alignment', 'Suspension Fix']",18,4.4,26.3,Available,"{'lat': 29.42367, 'long': 70.831562}"
mech_213,Selena Spencer,"['Transmission Repair', 'AC Service', 'Wheel Alignment', 'Tire Replacement', 'Battery Change']",10,3.2,34.6,Busy,"{'lat': 21.237837, 'long': 76.454264}"
mech_214,Krystal Mills,"['Engine Repair', 'Tire Replacement']",12,4.6,12.4,Available,"{'lat': 27.122709, 'long': 71.236691}"
mech_215,Marvin Scott,"['Battery Change', 'Oil Change']",15,3.3,14.0,Busy,"{'lat': 25.626862, 'long': 76.32683}"
mech_216,Ryan Arnold,"['Engine Repair', 'Tire Replacement', 'Brake Repair', 'Transmission Repair']",6,3.4,29.4,Available,"{'lat': 22.040151, 'long': 77.603015}"
mech_217,Heather Morton,['Oil Change'],8,4.5,58.5,Available,"{'lat': 23.519636, 'long': 70.309131}"
mech_218,Laura Haynes,"['Battery Change', 'Suspension Fix', 'Engine Repair', 'Transmission Repair', 'Brake Repair']",5,4.4,43.0,Available,"{'lat': 26.990526, 'long': 73.79213}"
mech_219,Joe Cannon,['Tire Replacement'],2,3.6,17.7,Busy,"{'lat': 25.862828, 'long': 73.665506}"
mech_220,David Schneider,"['Tire Replacement', 'Engine Repair', 'Oil Change', 'Battery Change', 'Wheel Alignment']",16,4.9,29.5,Available,"{'lat': 25.982476, 'long': 70.738565}"
mech_221,Chad Pearson,"['Suspension Fix', 'Wheel Alignment']",7,3.1,16.7,Available,"{'lat': 28.006925, 'long': 74.447321}"
mech_222,Justin Williams,"['Battery Change', 'Suspension Fix']",4,3.5,44.5,Busy,"{'lat': 21.69888, 'long': 71.010048}"
mech_223,Wendy Williams,"['Suspension Fix', 'Brake Repair', 'Wheel Alignment', 'AC Service']",18,3.5,55.4,Busy,"{'lat': 29.170768, 'long': 77.985217}"
mech_224,Melissa Taylor,"['Suspension Fix', 'General Service', 'AC Service', 'Oil Change', 'Brake Repair']",4,3.5,32.0,Available,"{'lat': 22.514471, 'long': 74.795182}"
mech_225,David King,"['Suspension Fix', 'Battery Change', 'Brake Repair', 'Wheel Alignment']",17,3.7,42.2,Available,"{'lat': 27.572485, 'long': 71.40552}"
mech_226,Haley Jones,"['Wheel Alignment', 'Suspension Fix', 'Battery Change']",6,3.3,26.0,Available,"{'lat': 22.840307, 'long': 78.557413}"
mech_227,Melissa Mcgee,"['Oil Change', 'General Service', 'Battery Change']",12,3.4,49.3,Available,"{'lat': 21.461924, 'long': 76.646564}"
mech_228,Peter Anderson,"['Wheel Alignment', 'Tire Replacement']",8,3.1,58.1,Busy,"{'lat': 28.146051, 'long': 79.306052}"
mech_229,Ruben Miller,"['Oil Change', 'AC Service']",7,3.1,40.2,Available,"{'lat': 23.647913, 'long': 71.257027}"
mech_230,Gavin Kidd,"['General Service', 'Engine Repair', 'AC Service', 'Oil Change']",11,3.9,33.0,Busy,"{'lat': 24.478341, 'long': 78.450405}"
mech_231,Monica Owen,['Tire Replacement'],10,3.1,46.8,Available,"{'lat': 27.028329, 'long': 71.32303}"
mech_232,Megan Hooper,"['AC Service', 'Battery Change', 'Wheel Alignment', 'General Service', 'Brake Repair']",11,3.9,29.5,Busy,"{'lat': 22.573963, 'long': 72.467332}"
mech_233,William Howard,"['Battery Change', 'Suspension Fix', 'Wheel Alignment', 'Oil Change', 'General Service']",8,3.0,40.0,Busy,"{'lat': 29.651644, 'long': 78.784633}"
mech_234,Lacey Dodson,"['Brake Repair', 'Oil Change', 'General Service', 'Tire Replacement', 'Suspension Fix']",11,3.3,9.0,Busy,"{'lat': 25.720935, 'long': 73.259063}"
mech_235,Stephanie Wu,"['AC Service', 'Tire Replacement']",11,3.6,51.9,Available,"{'lat': 27.075831, 'long': 75.067826}"
mech_236,Barbara Phillips,"['Battery Change', 'AC Service', 'Tire Replacement', 'Oil Change', 'General Service']",8,4.7,19.5,Available,"{'lat': 29.171336, 'long': 72.698464}"
mech_237,Tracey Smith,['AC Service'],8,3.3,57.8,Available,"{'lat': 20.656077, 'long': 70.623442}"
mech_238,Joshua Gomez,['General Service'],16,4.6,16.0,Busy,"{'lat': 23.286663, 'long': 74.121529}"
mech_239,Angela Craig,"['Transmission Repair', 'Wheel Alignment']",3,3.2,13.6,Busy,"{'lat': 22.471255, 'long': 72.159429}"
mech_240,David Holloway,"['Tire Replacement', 'Engine Repair']",20,4.6,50.1,Busy,"{'lat': 28.881791, 'long': 77.83158}"
mech_241,Melissa Miranda,"['Engine Repair', 'Suspension Fix', 'Wheel Alignment', 'Tire Replacement', 'AC Service']",6,3.6,58.2,Busy,"{'lat': 27.892675, 'long': 78.998516}"
mech_242,Kristina Johnson,['Brake Repair'],7,3.5,10.5,Busy,"{'lat': 21.535219, 'long': 78.212004}"
mech_243,Loretta Bailey,"['AC Service', 'Transmission Repair', 'Oil Change', 'General Service']",14,3.6,57.4,Available,"{'lat': 26.2476, 'long': 72.7305}"
mech_244,Blake Petty MD,"['Battery Change', 'Oil Change']",1,3.0,55.6,Busy,"{'lat': 24.779936, 'long': 79.423241}"
mech_245,Monique Sanders,"['Engine Repair', 'AC Service', 'Transmission Repair', 'Tire Replacement']",6,4.0,54.7,Available,"{'lat': 27.844296, 'long': 76.910996}"
mech_246,Hannah Smith,['Battery Change'],1,3.7,35.7,Busy,"{'lat': 28.568536, 'long': 78.235983}"
mech_247,Maria Henderson,"['Oil Change', 'Transmission Repair', 'Tire Replacement', 'Wheel Alignment', 'Brake Repair']",8,4.2,44.2,Available,"{'lat': 23.456002, 'long': 77.612447}"
mech_248,Abigail Rodriguez,"['Wheel Alignment', 'Suspension Fix', 'Battery Change', 'Engine Repair', 'Brake Repair']",2,4.2,55.7,Available,"{'lat': 23.293377, 'long': 71.47926}"
mech_249,Richard Chandler,"['AC Service', 'Battery Change', 'Transmission Repair', 'Brake Repair']",6,4.0,52.5,Busy,"{'lat': 23.592023, 'long': 72.273036}"
mech_250,Kevin Shields,"['Tire Replacement', 'Transmission Repair', 'Engine Repair']",12,3.0,12.1,Available,"{'lat': 29.006836, 'long': 72.281909}"
mech_251,Brandon Fitzgerald,"['Engine Repair', 'Tire Replacement', 'Suspension Fix']",5,4.0,13.3,Busy,"{'lat': 26.714106, 'long': 78.932401}"
mech_252,Samantha Hoffman,"['AC Service', 'Wheel Alignment']",16,4.1,10.2,Available,"{'lat': 27.034338, 'long': 72.600753}"
mech_253,William Smith,"['Brake Repair', 'Oil Change', 'Suspension Fix', 'Battery Change', 'Engine Repair']",12,4.2,21.3,Busy,"{'lat': 29.80772, 'long': 73.820944}"
mech_254,Monica Rhodes,"['Engine Repair', 'Wheel Alignment']",10,3.6,27.2,Available,"{'lat': 29.802644, 'long': 71.092199}"
mech_255,Mary Barnes,"['Engine Repair', 'Suspension Fix', 'Oil Change', 'Tire Replacement']",8,3.6,53.3,Busy,"{'lat': 29.824266, 'long': 78.313884}"
mech_256,Jesse Kirk,"['Battery Change', 'Wheel Alignment', 'Engine Repair', 'Oil Change', 'Brake Repair']",4,3.8,45.5,Available,"{'lat': 24.094111, 'long': 77.41168}"
mech_257,Anne Howard,"['AC Service', 'Brake Repair', 'Oil Change']",18,3.5,14.9,Available,"{'lat': 22.034522, 'long': 78.895666}"
mech_258,David Taylor,['Oil Change'],1,4.0,39.9,Available,"{'lat': 29.957716, 'long': 75.789054}"
mech_259,Kathryn Blackwell,"['Brake Repair', 'Engine Repair', 'General Service']",13,4.9,34.2,Available,"{'lat': 24.810965, 'long': 77.422511}"
mech_260,Sandra Walker,"['Oil Change', 'Engine Repair']",11,4.6,24.0,Busy,"{'lat': 27.566914, 'long': 75.844649}"
mech_261,Caitlin Frederick,['Wheel Alignment'],20,4.6,27.4,Available,"{'lat': 21.632956, 'long': 78.415341}"
mech_262,James Fernandez,"['Battery Change', 'Wheel Alignment', 'Oil Change']",12,3.7,6.7,Busy,"{'lat': 24.55921, 'long': 79.720799}"
mech_263,Alexis Horton,['Transmission Repair'],2,3.2,26.0,Busy,"{'lat': 22.767386, 'long': 71.335388}"
mech_264,Bryan Williams,['Brake Repair'],15,4.4,52.1,Busy,"{'lat': 25.880871, 'long': 72.063314}"
mech_265,Renee Chavez,"['General Service', 'Engine Repair', 'Transmission Repair']",1,4.3,19.4,Busy,"{'lat': 25.186632, 'long': 79.593053}"
mech_266,John Powell,['General Service'],9,3.4,9.8,Busy,"{'lat': 28.216736, 'long': 79.291911}"
mech_267,Melissa Hawkins,"['Tire Replacement', 'Transmission Repair', 'General Service', 'Brake Repair', 'Wheel Alignment']",4,3.1,12.3,Available,"{'lat': 27.541353, 'long': 76.73498}"
mech_268,Gabriel Meyer,"['AC Service', 'Brake Repair', 'General Service', 'Battery Change']",16,3.3,47.3,Busy,"{'lat': 22.443501, 'long': 77.444824}"
mech_269,Scott Liu,['Wheel Alignment'],8,3.7,57.8,Available,"{'lat': 22.998295, 'long': 73.481845}"
mech_270,Jesse Ware,['Brake Repair'],2,3.3,13.4,Busy,"{'lat': 20.601589, 'long': 71.785891}"
mech_271,Rachel Moore,"['Suspension Fix', 'Transmission Repair']",20,4.4,38.8,Busy,"{'lat': 26.144884, 'long': 78.344578}"
mech_272,Sarah Browning,"['Battery Change', 'Transmission Repair']",2,4.3,55.7,Available,"{'lat': 21.671193, 'long': 78.438402}"
mech_273,Heather Williams,"['Wheel Alignment', 'Battery Change', 'Oil Change']",20,4.2,13.9,Busy,"{'lat': 26.404333, 'long': 77.104418}"
mech_274,Jason Hernandez,"['Brake Repair', 'Oil Change', 'AC Service', 'Battery Change', 'Tire Replacement']",5,4.6,16.7,Available,"{'lat': 28.921707, 'long': 78.554514}"
mech_275,Brandy Parsons,"['Transmission Repair', 'Oil Change', 'General Service']",2,3.0,14.7,Available,"{'lat': 25.866377, 'long': 76.314133}"
mech_276,Stephanie Smith,"['AC Service', 'Wheel Alignment', 'Engine Repair', 'Transmission Repair']",15,3.4,51.7,Available,"{'lat': 22.901218, 'long': 78.50365}"
mech_277,James Harrison,"['Tire Replacement', 'Engine Repair', 'General Service']",6,3.0,8.6,Available,"{'lat': 24.062156, 'long': 76.56955}"
mech_278,Carrie Ward,"['General Service', 'Oil Change']",13,4.2,49.6,Available,"{'lat': 23.71008, 'long': 71.787414}"
mech_279,Claire Nelson,"['General Service', 'Engine Repair', 'Brake Repair', 'Oil Change', 'Wheel Alignment']",16,3.3,22.7,Available,"{'lat': 25.773909, 'long': 74.957653}"
mech_280,Anthony Jimenez,"['Engine Repair', 'Wheel Alignment', 'Oil Change', 'Battery Change', 'Suspension Fix']",17,3.5,18.1,Busy,"{'lat': 24.216086, 'long': 76.162512}"
mech_281,Ronald Rhodes,['Wheel Alignment'],12,3.9,28.1,Busy,"{'lat': 22.769046, 'long': 73.638686}"
mech_282,Monica Cole,"['Transmission Repair', 'Tire Replacement', 'Brake Repair', 'Engine Repair', 'Battery Change']",14,4.2,24.5,Available,"{'lat': 25.192583, 'long': 70.295391}"
mech_283,Ronald Stone,['Battery Change'],2,4.0,27.8,Available,"{'lat': 29.251996, 'long': 74.131938}"
mech_284,Lauren Smith,['AC Service'],18,4.2,56.1,Busy,"{'lat': 23.33968, 'long': 74.985895}"
mech_285,Mr. Brett Johnson,"['Oil Change', 'Tire Replacement']",17,3.1,19.5,Busy,"{'lat': 21.126875, 'long': 79.871046}"
mech_286,Joseph Knox,"['Engine Repair', 'Transmission Repair', 'AC Service', 'Tire Replacement']",15,4.7,55.5,Busy,"{'lat': 26.588886, 'long': 72.688727}"
mech_287,Jennifer Russell,"['Transmission Repair', 'Oil Change', 'Suspension Fix', 'AC Service']",12,4.7,35.3,Busy,"{'lat': 23.077096, 'long': 70.004206}"
mech_288,Whitney Smith,['Suspension Fix'],10,4.9,12.6,Busy,"{'lat': 26.423883, 'long': 76.714749}"
mech_289,John Wilson,"['Engine Repair', 'Wheel Alignment', 'Transmission Repair', 'General Service', 'Oil Change']",17,4.4,13.0,Available,"{'lat': 27.59021, 'long': 78.76537}"
mech_290,Ross Ware,"['Oil Change', 'Engine Repair', 'General Service', 'Transmission Repair', 'Brake Repair']",11,4.2,6.2,Available,"{'lat': 27.58921, 'long': 78.196427}"
mech_291,Kevin Smith,"['Wheel Alignment', 'AC Service']",11,4.0,56.7,Busy,"{'lat': 29.922356, 'long': 77.10165}"
mech_292,Timothy Anderson,"['Wheel Alignment', 'Battery Change', 'Brake Repair', 'General Service', 'Oil Change']",16,4.6,23.1,Available,"{'lat': 23.914317, 'long': 78.277401}"
mech_293,Russell Farmer,"['Oil Change', 'Transmission Repair']",8,4.1,54.7,Available,"{'lat': 22.836181, 'long': 78.437429}"
mech_294,Robert Parker,"['Suspension Fix', 'Wheel Alignment']",17,4.9,25.3,Available,"{'lat': 26.221362, 'long': 70.75528}"
mech_295,Brandon Burns,"['Tire Replacement', 'Suspension Fix', 'AC Service', 'Engine Repair']",1,3.2,15.1,Busy,"{'lat': 24.965905, 'long': 71.433682}"
mech_296,Katherine Gibbs,"['Tire Replacement', 'General Service', 'Brake Repair', 'AC Service', 'Engine Repair']",20,3.9,39.4,Busy,"{'lat': 27.633085, 'long': 76.543682}"
mech_297,Frank Andrews,"['Tire Replacement', 'Suspension Fix', 'Oil Change', 'General Service', 'Battery Change']",2,4.1,35.6,Busy,"{'lat': 26.385787, 'long': 72.743982}"
mech_298,Michelle Ellis,"['Brake Repair', 'Battery Change', 'Suspension Fix', 'Oil Change', 'AC Service']",17,4.6,18.9,Busy,"{'lat': 29.618009, 'long': 78.041603}"
mech_299,Joshua Fowler,"['Oil Change', 'General Service', 'Wheel Alignment', 'Engine Repair']",7,4.2,44.9,Busy,"{'lat': 28.006928, 'long': 70.977872}"
mech_300,Amanda Garrett,"['Battery Change', 'Wheel Alignment', 'Transmission Repair', 'General Service']",14,4.8,58.5,Busy,"{'lat': 22.690372, 'long': 74.548057}"
mech_301,Renee Johnson,"['Wheel Alignment', 'Battery Change']",16,3.1,54.8,Busy,"{'lat': 20.607254, 'long': 75.246536}"
mech_302,Michelle Hunter,"['Wheel Alignment', 'Tire Replacement', 'Brake Repair', 'Oil Change', 'Transmission Repair']",4,3.4,28.9,Busy,"{'lat': 29.733237, 'long': 77.666463}"
mech_303,Jessica Owens,"['Brake Repair', 'Battery Change', 'General Service', 'Suspension Fix', 'Transmission Repair']",18,3.2,12.1,Busy,"{'lat': 20.855226, 'long': 72.184552}"
mech_304,Anita Stewart,"['General Service', 'Oil Change']",14,4.8,28.7,Busy,"{'lat': 21.391625, 'long': 75.026331}"
mech_305,Jasmine Vasquez,"['Suspension Fix', 'Engine Repair', 'Transmission Repair']",1,3.8,22.8,Available,"{'lat': 21.898693, 'long': 74.191586}"
mech_306,Joanne Reed,['Tire Replacement'],2,4.3,7.0,Available,"{'lat': 25.280407, 'long': 70.894051}"
mech_307,Cynthia Marquez,['Oil Change'],20,4.2,46.9,Busy,"{'lat': 25.497695, 'long': 77.894909}"
mech_308,Kenneth Warner,['Wheel Alignment'],19,3.5,18.6,Available,"{'lat': 21.383183, 'long': 77.994234}"
mech_309,Jacob Jackson,['Oil Change'],20,3.0,56.9,Available,"{'lat': 26.39766, 'long': 77.49432}"
mech_310,Donald Miller,"['General Service', 'Transmission Repair']",20,3.9,44.7,Busy,"{'lat': 20.226566, 'long': 79.86538}"
mech_311,Lauren Cook,"['Oil Change', 'Transmission Repair', 'Battery Change']",8,3.1,55.1,Available,"{'lat': 26.918556, 'long': 72.599141}"
mech_312,Jon Ramos,"['Engine Repair', 'Brake Repair', 'AC Service', 'Battery Change']",11,4.4,30.5,Available,"{'lat': 23.778524, 'long': 72.536152}"
mech_313,Susan Moore,"['Wheel Alignment', 'General Service', 'Suspension Fix', 'Engine Repair']",9,3.9,52.7,Busy,"{'lat': 21.053821, 'long': 71.368004}"
mech_314,Alicia Johnson,"['General Service', 'Brake Repair', 'Battery Change', 'Wheel Alignment', 'AC Service']",1,4.1,17.7,Busy,"{'lat': 24.642882, 'long': 76.17388}"
mech_315,Michelle Duncan,"['Suspension Fix', 'Brake Repair', 'Transmission Repair', 'Oil Change', 'Tire Replacement']",3,3.2,31.2,Available,"{'lat': 22.868309, 'long': 78.825282}"
mech_316,Jeffrey Snow,"['AC Service', 'Transmission Repair', 'Wheel Alignment', 'Engine Repair', 'Oil Change']",10,4.1,14.4,Available,"{'lat': 20.738855, 'long': 73.625728}"
mech_317,Mary Rhodes,"['Tire Replacement', 'Wheel Alignment', 'AC Service']",20,3.8,21.1,Available,"{'lat': 27.883332, 'long': 74.757633}"
mech_318,Joseph Medina,"['Tire Replacement', 'Suspension Fix', 'Oil Change']",11,4.8,36.7,Busy,"{'lat': 24.540363, 'long': 72.859816}"
mech_319,Nicole Taylor,"['Brake Repair', 'General Service', 'Oil Change']",20,4.0,17.6,Busy,"{'lat': 28.208767, 'long': 73.411816}"
mech_320,Matthew Davis,"['Brake Repair', 'Wheel Alignment', 'Oil Change', 'Transmission Repair']",4,3.9,22.7,Available,"{'lat': 20.553162, 'long': 77.82175}"
mech_321,Madison Moore MD,"['Engine Repair', 'Brake Repair', 'Battery Change', 'Suspension Fix', 'Tire Replacement']",17,4.7,54.8,Busy,"{'lat': 28.319145, 'long': 71.936877}"
mech_322,Bobby Taylor,"['Wheel Alignment', 'Oil Change']",13,4.0,21.1,Available,"{'lat': 24.779375, 'long': 79.670589}"
mech_323,Stephanie Smith,['Suspension Fix'],9,3.4,43.7,Available,"{'lat': 20.286171, 'long': 73.108778}"
mech_324,Kathleen Pittman,['AC Service'],19,4.5,35.9,Available,"{'lat': 21.910068, 'long': 74.377771}"
mech_325,Diana Ramirez,"['Brake Repair', 'Transmission Repair', 'Engine Repair', 'Battery Change']",8,4.9,12.3,Available,"{'lat': 24.224464, 'long': 72.031011}"
mech_326,Sydney Rogers,['Brake Repair'],6,3.9,31.1,Available,"{'lat': 29.043923, 'long': 72.231121}"
mech_327,Robert Gray,['Engine Repair'],16,4.0,23.8,Busy,"{'lat': 26.987551, 'long': 71.100246}"
mech_328,Ariel Dunlap,"['Oil Change', 'General Service', 'Engine Repair', 'Suspension Fix', 'Brake Repair']",5,3.7,13.7,Available,"{'lat': 20.17088, 'long': 71.467744}"
mech_329,John Martinez,['Oil Change'],20,4.1,41.5,Busy,"{'lat': 22.79871, 'long': 70.556688}"
mech_330,Mary Ramos,"['General Service', 'Transmission Repair', 'Battery Change']",1,4.3,56.2,Available,"{'lat': 21.563449, 'long': 70.233994}"
mech_331,Joseph Barr,"['Engine Repair', 'Tire Replacement', 'Suspension Fix']",20,4.9,28.7,Busy,"{'lat': 27.688248, 'long': 74.386485}"
mech_332,Brian Skinner,"['AC Service', 'Engine Repair']",4,3.5,35.8,Busy,"{'lat': 21.999404, 'long': 77.798647}"
mech_333,John Quinn,"['Oil Change', 'Battery Change', 'Brake Repair']",10,3.6,36.6,Available,"{'lat': 20.367031, 'long': 70.634098}"
mech_334,William Robbins,"['General Service', 'Wheel Alignment']",18,4.4,45.7,Available,"{'lat': 29.649929, 'long': 72.501529}"
mech_335,Brittany Young,['Wheel Alignment'],9,3.2,6.9,Available,"{'lat': 26.056417, 'long': 74.931072}"
mech_336,Maria Mendoza,"['AC Service', 'Tire Replacement']",10,3.7,40.0,Busy,"{'lat': 21.657179, 'long': 70.74952}"
mech_337,Stefanie Moore,"['Wheel Alignment', 'General Service', 'Engine Repair', 'Oil Change']",5,4.5,47.8,Busy,"{'lat': 21.301399, 'long': 70.033734}"
mech_338,Jeffery Davis,"['Engine Repair', 'Transmission Repair', 'Tire Replacement', 'Brake Repair']",20,4.9,6.4,Available,"{'lat': 29.167287, 'long': 79.90855}"
mech_339,Brittany Garcia,"['Engine Repair', 'Battery Change']",10,3.9,16.2,Available,"{'lat': 22.754496, 'long': 71.655285}"
mech_340,Anthony Martinez,"['Suspension Fix', 'Wheel Alignment', 'Transmission Repair', 'Tire Replacement', 'General Service']",1,3.8,59.0,Busy,"{'lat': 24.716833, 'long': 79.984871}"
mech_341,Alicia Rodriguez,"['Brake Repair', 'Suspension Fix', 'AC Service']",3,3.3,47.3,Available,"{'lat': 22.31547, 'long': 73.132045}"
mech_342,Gary Wilson,"['Wheel Alignment', 'Suspension Fix', 'Brake Repair', 'Oil Change']",12,4.7,56.1,Busy,"{'lat': 22.872551, 'long': 79.749267}"
mech_343,Courtney Howard,"['Brake Repair', 'General Service', 'Battery Change']",11,3.6,55.3,Available,"{'lat': 23.161893, 'long': 71.265484}"
mech_344,Edward Edwards,['AC Service'],15,3.8,38.1,Available,"{'lat': 21.714762, 'long': 77.047807}"
mech_345,Katherine Glenn,"['General Service', 'Battery Change']",8,3.1,40.2,Available,"{'lat': 20.784227, 'long': 76.927071}"
mech_346,Rachel Moore,"['Oil Change', 'Brake Repair', 'AC Service']",8,3.6,11.6,Busy,"{'lat': 22.284639, 'long': 70.519622}"
mech_347,Charles Eaton,"['Brake Repair', 'Oil Change']",7,3.6,6.3,Busy,"{'lat': 26.120157, 'long': 78.169032}"
mech_348,Scott Matthews,"['Tire Replacement', 'Engine Repair', 'General Service', 'Wheel Alignment', 'AC Service']",5,4.3,12.0,Busy,"{'lat': 27.679973, 'long': 75.526862}"
mech_349,Katherine Taylor,"['Engine Repair', 'Tire Replacement', 'Oil Change']",3,3.7,51.4,Available,"{'lat': 21.941408, 'long': 76.573409}"
mech_350,Christina Marquez,"['Suspension Fix', 'Transmission Repair', 'Brake Repair']",4,4.5,52.4,Available,"{'lat': 27.474161, 'long': 78.632301}"
mech_351,Rebecca Adams,"['General Service', 'AC Service']",6,3.2,30.2,Available,"{'lat': 27.614683, 'long': 71.364907}"
mech_352,Dustin Williamson,"['Wheel Alignment', 'Transmission Repair']",20,4.8,44.4,Busy,"{'lat': 27.46874, 'long': 79.553017}"
mech_353,Lisa Flynn,"['Oil Change', 'AC Service', 'Transmission Repair', 'Engine Repair']",11,4.2,58.8,Busy,"{'lat': 29.09915, 'long': 77.99572}"
mech_354,David Roach,"['Transmission Repair', 'Wheel Alignment', 'Oil Change', 'Brake Repair', 'Tire Replacement']",13,3.6,55.5,Busy,"{'lat': 27.840683, 'long': 74.865323}"
mech_355,Steven Lewis,"['Transmission Repair', 'Suspension Fix']",9,4.2,48.4,Busy,"{'lat': 20.730978, 'long': 70.396606}"
mech_356,Diana Perez,['Suspension Fix'],15,4.1,36.6,Available,"{'lat': 29.467683, 'long': 78.230455}"
mech_357,Matthew Torres,"['Engine Repair', 'Transmission Repair']",2,3.6,59.6,Busy,"{'lat': 26.734097, 'long': 74.567815}"
mech_358,Peter Lawrence,['Suspension Fix'],3,4.4,13.5,Busy,"{'lat': 22.21419, 'long': 71.646878}"
mech_359,Daniel Perez,['Tire Replacement'],8,3.4,10.5,Available,"{'lat': 26.404737, 'long': 70.295497}"
mech_360,Shannon Moore,['AC Service'],15,4.0,23.0,Available,"{'lat': 21.364159, 'long': 75.817623}"
mech_361,Katrina West,['Engine Repair'],6,3.7,44.1,Available,"{'lat': 27.556209, 'long': 75.8584}"
mech_362,Duane Morgan,['Engine Repair'],10,3.4,25.9,Available,"{'lat': 29.669512, 'long': 78.467435}"
mech_363,Katherine Stephens,"['AC Service', 'Battery Change', 'Engine Repair', 'Tire Replacement', 'Transmission Repair']",2,4.5,59.6,Busy,"{'lat': 26.705173, 'long': 73.88135}"
mech_364,Tiffany Wright,"['AC Service', 'Transmission Repair', 'Suspension Fix', 'General Service', 'Oil Change']",2,3.4,17.9,Available,"{'lat': 26.131235, 'long': 76.644368}"
mech_365,Amy Johnson,"['Brake Repair', 'AC Service', 'Suspension Fix', 'Tire Replacement']",7,3.9,7.2,Available,"{'lat': 29.424674, 'long': 78.543734}"
mech_366,John Brady,"['Tire Replacement', 'Transmission Repair']",7,4.4,53.1,Busy,"{'lat': 28.008838, 'long': 71.881644}"
mech_367,Matthew Edwards,"['General Service', 'AC Service', 'Transmission Repair', 'Wheel Alignment', 'Battery Change']",7,3.1,45.3,Available,"{'lat': 28.603875, 'long': 71.023982}"
mech_368,Miguel Curtis,"['Brake Repair', 'Battery Change', 'Tire Replacement', 'Suspension Fix', 'AC Service']",15,3.8,49.8,Busy,"{'lat': 20.110385, 'long': 77.162019}"
mech_369,Mark Maldonado,"['Suspension Fix', 'Engine Repair', 'Brake Repair']",3,3.6,26.3,Busy,"{'lat': 20.953853, 'long': 71.221426}"
mech_370,Kayla King,"['Brake Repair', 'Wheel Alignment', 'Engine Repair']",15,4.9,11.7,Busy,"{'lat': 20.421207, 'long': 75.500339}"
mech_371,Kevin Duran,"['AC Service', 'Tire Replacement']",5,3.2,26.7,Available,"{'lat': 28.914263, 'long': 70.963293}"
mech_372,Rebecca Rowland,"['Wheel Alignment', 'Suspension Fix', 'AC Service', 'Oil Change', 'Transmission Repair']",1,4.6,29.0,Available,"{'lat': 28.140246, 'long': 77.699748}"
mech_373,Valerie Strong,"['Suspension Fix', 'Engine Repair', 'AC Service']",12,4.5,11.2,Busy,"{'lat': 22.150049, 'long': 72.441604}"
mech_374,Arthur Brady,"['Tire Replacement', 'AC Service']",12,4.1,20.6,Available,"{'lat': 23.873164, 'long': 72.376426}"
mech_375,Brenda Chavez,"['Tire Replacement', 'General Service', 'Oil Change']",8,4.7,54.5,Busy,"{'lat': 29.346838, 'long': 76.901057}"
mech_376,Keith Simpson,"['Tire Replacement', 'Wheel Alignment']",13,4.5,27.5,Available,"{'lat': 27.614106, 'long': 70.836811}"
mech_377,Matthew Carter,"['Brake Repair', 'Transmission Repair', 'AC Service', 'Battery Change', 'Tire Replacement']",13,3.7,49.2,Busy,"{'lat': 22.018481, 'long': 78.75126}"
mech_378,Robert Bell,['Wheel Alignment'],12,4.2,25.2,Available,"{'lat': 28.707891, 'long': 70.742909}"
mech_379,Steven Montes,"['Battery Change', 'Engine Repair', 'Oil Change', 'AC Service', 'Wheel Alignment']",18,3.4,51.2,Busy,"{'lat': 28.637307, 'long': 75.199696}"
mech_380,Sandra Logan,"['Tire Replacement', 'AC Service']",18,4.0,20.4,Available,"{'lat': 25.768117, 'long': 71.668948}"
mech_381,Jeffrey Shepherd,"['Transmission Repair', 'Suspension Fix']",11,3.0,56.3,Busy,"{'lat': 24.283923, 'long': 70.50198}"
mech_382,Stacy Turner,"['Suspension Fix', 'Transmission Repair', 'Battery Change', 'AC Service', 'Oil Change']",17,3.2,31.5,Available,"{'lat': 23.797599, 'long': 77.112623}"
mech_383,John Miller,"['Oil Change', 'Engine Repair', 'Brake Repair']",20,3.1,5.9,Busy,"{'lat': 21.23553, 'long': 75.399592}"
mech_384,Jonathon Jackson,['Transmission Repair'],2,3.1,17.2,Available,"{'lat': 26.334345, 'long': 77.574698}"
mech_385,Benjamin Johnson,['Battery Change'],1,3.4,34.1,Available,"{'lat': 21.692487, 'long': 76.972652}"
mech_386,Judith Tyler,"['Engine Repair', 'Wheel Alignment']",11,4.8,14.3,Busy,"{'lat': 23.265372, 'long': 75.024898}"
mech_387,Shawn Bridges,"['Wheel Alignment', 'Tire Replacement', 'Battery Change', 'Suspension Fix', 'General Service']",9,4.9,33.3,Busy,"{'lat': 28.391515, 'long': 78.810899}"
mech_388,David Cochran,['Oil Change'],18,3.7,15.8,Available,"{'lat': 29.50472, 'long': 76.725484}"
mech_389,James Harvey DDS,"['General Service', 'Oil Change', 'Brake Repair', 'Transmission Repair', 'Engine Repair']",19,3.1,22.1,Available,"{'lat': 22.541015, 'long': 72.731983}"
mech_390,Jennifer Shannon,"['Transmission Repair', 'Oil Change']",14,3.5,43.9,Busy,"{'lat': 21.785144, 'long': 75.967621}"
mech_391,Keith Goodwin,"['Suspension Fix', 'Engine Repair', 'Tire Replacement', 'Transmission Repair', 'AC Service']",4,4.9,54.0,Available,"{'lat': 21.773308, 'long': 76.421664}"
mech_392,Jeffrey Cervantes,"['Engine Repair', 'Tire Replacement', 'Transmission Repair']",4,3.1,14.6,Busy,"{'lat': 22.24309, 'long': 78.983974}"
mech_393,Jeffrey Gibson DDS,"['AC Service', 'Battery Change']",19,3.7,48.5,Available,"{'lat': 27.003332, 'long': 72.221876}"
mech_394,Kim Clarke,"['Wheel Alignment', 'Suspension Fix', 'Tire Replacement']",11,4.8,41.0,Busy,"{'lat': 22.287956, 'long': 73.234552}"
mech_395,Gina Simpson,"['Suspension Fix', 'Brake Repair', 'Engine Repair', 'Tire Replacement', 'Wheel Alignment']",20,3.5,17.6,Available,"{'lat': 28.614527, 'long': 73.069069}"
mech_396,Kathleen Rivera,"['Tire Replacement', 'Wheel Alignment']",4,3.0,56.3,Available,"{'lat': 23.037094, 'long': 70.810149}"
mech_397,Susan Moore,['AC Service'],10,3.7,8.9,Available,"{'lat': 27.088313, 'long': 74.044144}"
mech_398,Michelle Reyes,"['Engine Repair', 'Tire Replacement', 'Battery Change', 'AC Service', 'Suspension Fix']",20,3.5,39.6,Busy,"{'lat': 21.770266, 'long': 74.318945}"
mech_399,Cynthia Steele,"['Battery Change', 'General Service', 'Suspension Fix']",3,4.7,46.2,Busy,"{'lat': 26.970826, 'long': 76.988448}"
mech_400,Tiffany Porter,"['Engine Repair', 'Transmission Repair']",15,4.7,48.0,Available,"{'lat': 21.586454, 'long': 74.371777}"
mech_401,Dawn Cox,"['General Service', 'Wheel Alignment', 'Oil Change', 'Brake Repair']",8,3.5,47.2,Available,"{'lat': 26.149092, 'long': 72.108206}"
mech_402,Jose Rodriguez,['Wheel Alignment'],18,4.4,33.2,Available,"{'lat': 28.653089, 'long': 78.034737}"
mech_403,Tanya Adams,"['Tire Replacement', 'AC Service', 'Transmission Repair', 'Battery Change', 'Oil Change']",14,4.3,14.6,Available,"{'lat': 29.452285, 'long': 75.956295}"
mech_404,Lindsey Odonnell,"['Wheel Alignment', 'General Service', 'Engine Repair']",16,3.6,14.5,Available,"{'lat': 24.699234, 'long': 79.316029}"
mech_405,Mr. Kurt Roberson Jr.,"['Transmission Repair', 'Suspension Fix']",7,4.5,18.1,Busy,"{'lat': 26.466971, 'long': 77.057802}"
mech_406,Erica Hernandez,"['Oil Change', 'Tire Replacement', 'Battery Change', 'Brake Repair']",9,4.4,40.1,Busy,"{'lat': 27.259898, 'long': 73.061714}"
mech_407,Benjamin Bailey,"['Wheel Alignment', 'General Service', 'Engine Repair']",6,3.3,26.8,Available,"{'lat': 29.68218, 'long': 73.201579}"
mech_408,Glen Stone,"['AC Service', 'Engine Repair']",10,4.3,45.8,Available,"{'lat': 21.361952, 'long': 79.759222}"
mech_409,Phillip Jones,"['Brake Repair', 'Transmission Repair', 'AC Service', 'Oil Change']",13,3.2,41.7,Available,"{'lat': 29.295297, 'long': 71.327751}"
mech_410,Victoria Williams,"['Wheel Alignment', 'Tire Replacement', 'Suspension Fix', 'AC Service', 'Brake Repair']",8,4.3,44.9,Available,"{'lat': 23.337521, 'long': 79.386333}"
mech_411,Paula Sanders,"['Suspension Fix', 'Wheel Alignment', 'Oil Change', 'Battery Change']",2,3.2,7.4,Busy,"{'lat': 29.879027, 'long': 72.935419}"
mech_412,April Hampton,"['Wheel Alignment', 'Engine Repair']",10,3.1,19.0,Available,"{'lat': 27.934822, 'long': 79.615433}"
mech_413,Mary Roach,"['Oil Change', 'Wheel Alignment', 'General Service']",1,4.0,28.7,Busy,"{'lat': 20.584931, 'long': 76.98513}"
mech_414,Courtney Tyler,"['Oil Change', 'Suspension Fix', 'Battery Change']",7,5.0,15.8,Available,"{'lat': 20.511128, 'long': 70.936219}"
mech_415,Tiffany Perkins DDS,"['General Service', 'Oil Change']",8,4.4,18.2,Busy,"{'lat': 22.467943, 'long': 73.0086}"
mech_416,Rhonda Smith,"['Tire Replacement', 'Brake Repair']",9,4.0,46.9,Busy,"{'lat': 26.375284, 'long': 78.785597}"
mech_417,Derek Davis,"['General Service', 'Wheel Alignment', 'Tire Replacement', 'Brake Repair']",1,4.9,26.1,Busy,"{'lat': 22.110331, 'long': 71.819847}"
mech_418,Richard Torres,"['Tire Replacement', 'General Service', 'Suspension Fix', 'Engine Repair']",3,4.9,23.7,Busy,"{'lat': 23.472323, 'long': 77.873837}"
mech_419,Regina Carter,"['Transmission Repair', 'Oil Change']",4,4.9,37.3,Busy,"{'lat': 20.67232, 'long': 77.861265}"
mech_420,Sean Wright,"['Wheel Alignment', 'Brake Repair', 'General Service']",1,4.1,22.5,Available,"{'lat': 24.331609, 'long': 70.111074}"
mech_421,Mckenzie Lewis,"['Wheel Alignment', 'Battery Change', 'Tire Replacement']",14,4.3,56.7,Available,"{'lat': 27.001921, 'long': 77.569587}"
mech_422,Natasha Mcintosh,"['Battery Change', 'Suspension Fix']",8,4.7,15.8,Busy,"{'lat': 26.573051, 'long': 71.519875}"
mech_423,Linda Stone,"['Battery Change', 'Tire Replacement', 'Oil Change', 'Engine Repair', 'Wheel Alignment']",11,4.4,24.0,Busy,"{'lat': 22.326423, 'long': 78.709912}"
mech_424,Dr. Joseph Quinn,"['AC Service', 'Engine Repair', 'Brake Repair']",13,4.4,14.7,Busy,"{'lat': 25.556322, 'long': 78.184696}"
mech_425,Annette Meza,"['General Service', 'Engine Repair']",4,3.2,27.6,Available,"{'lat': 22.689432, 'long': 76.843857}"
mech_426,Penny Case,['General Service'],9,4.2,25.0,Busy,"{'lat': 26.784317, 'long': 71.902806}"
mech_427,Amanda Burgess,"['General Service', 'Engine Repair', 'Brake Repair', 'Tire Replacement']",16,4.1,10.1,Available,"{'lat': 27.773665, 'long': 76.910021}"
mech_428,Tammy Huffman,['Engine Repair'],12,3.9,42.5,Available,"{'lat': 28.522934, 'long': 72.04054}"
mech_429,Denise Wallace,"['Brake Repair', 'AC Service']",9,3.1,48.8,Available,"{'lat': 24.122303, 'long': 79.735898}"
mech_430,Jennifer Eaton,"['AC Service', 'Transmission Repair', 'Suspension Fix', 'Engine Repair', 'Battery Change']",2,4.9,20.6,Available,"{'lat': 22.663914, 'long': 72.936836}"
mech_431,Denise Rodriguez,"['Engine Repair', 'Battery Change', 'Transmission Repair']",1,5.0,17.4,Available,"{'lat': 26.730377, 'long': 79.639272}"
mech_432,Brenda Patrick,['Oil Change'],18,3.6,58.9,Busy,"{'lat': 23.43671, 'long': 74.389968}"
mech_433,Valerie Martin,"['Engine Repair', 'Brake Repair', 'Wheel Alignment', 'AC Service', 'General Service']",18,4.6,43.5,Available,"{'lat': 21.545206, 'long': 71.060265}"
mech_434,Sandra Lopez,"['Transmission Repair', 'Battery Change', 'AC Service']",7,3.4,8.4,Busy,"{'lat': 22.106347, 'long': 70.352243}"
mech_435,Amanda Roberson,"['Wheel Alignment', 'Oil Change']",11,4.0,8.9,Available,"{'lat': 24.390535, 'long': 75.081055}"
mech_436,Antonio Baxter,"['Battery Change', 'AC Service', 'Engine Repair']",19,4.0,50.2,Busy,"{'lat': 20.392941, 'long': 76.526284}"
mech_437,Joseph Moss,"['Battery Change', 'Transmission Repair', 'Oil Change']",18,4.0,26.7,Available,"{'lat': 23.070047, 'long': 71.445545}"
mech_438,Donald Guzman,"['Brake Repair', 'Suspension Fix', 'Battery Change', 'Wheel Alignment', 'General Service']",11,4.7,46.7,Busy,"{'lat': 20.145395, 'long': 77.195955}"
mech_439,Chris Hodge,"['Brake Repair', 'Engine Repair', 'Tire Replacement']",19,3.4,25.7,Available,"{'lat': 25.471051, 'long': 74.034424}"
mech_440,Linda Parker,"['Oil Change', 'Suspension Fix', 'AC Service', 'General Service', 'Wheel Alignment']",4,3.4,37.4,Busy,"{'lat': 24.280638, 'long': 73.887133}"
mech_441,Jack Smith,['Suspension Fix'],5,3.4,49.5,Available,"{'lat': 20.716314, 'long': 73.168545}"
mech_442,Aaron Flores,['Transmission Repair'],6,3.5,23.4,Available,"{'lat': 27.87796, 'long': 76.285521}"
mech_443,Timothy Price,"['General Service', 'Brake Repair', 'Tire Replacement', 'Engine Repair']",18,3.4,30.1,Busy,"{'lat': 26.015931, 'long': 71.414516}"
mech_444,Jessica Brown,['General Service'],9,4.7,58.2,Available,"{'lat': 23.869919, 'long': 73.848781}"
mech_445,Jeffrey Smith,"['AC Service', 'Wheel Alignment', 'General Service', 'Engine Repair', 'Suspension Fix']",7,3.4,6.2,Busy,"{'lat': 29.24917, 'long': 72.050342}"
mech_446,Patricia Brown,"['Suspension Fix', 'AC Service']",20,4.5,8.6,Available,"{'lat': 26.143525, 'long': 72.235894}"
mech_447,Robert Harris,"['Brake Repair', 'Suspension Fix', 'General Service', 'Tire Replacement']",9,4.4,51.8,Busy,"{'lat': 26.81149, 'long': 76.366548}"
mech_448,Jessica Martin,"['AC Service', 'Engine Repair', 'Brake Repair', 'Battery Change', 'Tire Replacement']",16,3.5,9.9,Busy,"{'lat': 29.407786, 'long': 79.093908}"
mech_449,John Callahan,['General Service'],1,4.9,57.2,Busy,"{'lat': 26.857851, 'long': 78.894421}"
mech_450,Brian Burnett,"['AC Service', 'Engine Repair']",15,4.9,50.1,Busy,"{'lat': 24.281774, 'long': 70.491632}"
mech_451,Dr. Kimberly Kemp,"['Brake Repair', 'Engine Repair', 'Tire Replacement']",11,5.0,31.2,Busy,"{'lat': 26.746795, 'long': 79.162204}"
mech_452,Todd Middleton,"['Oil Change', 'Suspension Fix', 'Battery Change']",12,3.9,30.2,Available,"{'lat': 28.95446, 'long': 70.181878}"
mech_453,Michael Taylor,"['Oil Change', 'Transmission Repair']",15,3.6,25.5,Available,"{'lat': 25.509669, 'long': 73.089357}"
mech_454,Richard Woods,"['General Service', 'Engine Repair', 'Suspension Fix', 'Wheel Alignment']",17,4.1,48.6,Busy,"{'lat': 22.069981, 'long': 74.750672}"
mech_455,Melvin Roth,"['Brake Repair', 'Wheel Alignment', 'Suspension Fix', 'Battery Change']",9,4.4,48.7,Available,"{'lat': 29.390378, 'long': 78.629141}"
mech_456,Katherine David,['Suspension Fix'],2,3.3,17.6,Busy,"{'lat': 20.498035, 'long': 74.445708}"
mech_457,Crystal Flores,"['Oil Change', 'Wheel Alignment']",19,4.1,19.6,Busy,"{'lat': 29.002547, 'long': 72.628089}"
mech_458,Stephanie Wilkins,"['Battery Change', 'Tire Replacement', 'Oil Change']",2,4.7,53.5,Available,"{'lat': 23.683812, 'long': 77.580518}"
mech_459,Tracy Henderson,"['Wheel Alignment', 'Brake Repair', 'Battery Change', 'Transmission Repair']",2,4.1,19.7,Available,"{'lat': 24.818629, 'long': 74.559096}"
mech_460,Kelly Gibson,['Transmission Repair'],5,4.3,19.5,Available,"{'lat': 27.204214, 'long': 70.128458}"
mech_461,Angela Lawson,"['Transmission Repair', 'Engine Repair', 'Tire Replacement']",5,3.9,51.1,Busy,"{'lat': 20.157393, 'long': 77.708099}"
mech_462,Regina Smith,"['Transmission Repair', 'AC Service', 'Engine Repair']",1,3.0,7.8,Available,"{'lat': 26.880478, 'long': 77.719145}"
mech_463,Robert Browning,"['Battery Change', 'Tire Replacement', 'Suspension Fix', 'Wheel Alignment']",2,4.7,42.9,Available,"{'lat': 22.465619, 'long': 79.0132}"
mech_464,Larry Kline,"['Transmission Repair', 'Battery Change', 'Oil Change', 'Suspension Fix']",4,3.7,55.5,Available,"{'lat': 24.33016, 'long': 79.973934}"
mech_465,Michael Buck,"['Transmission Repair', 'Engine Repair', 'Wheel Alignment', 'Suspension Fix']",14,3.0,13.6,Available,"{'lat': 28.251735, 'long': 76.74609}"
mech_466,Robert Bennett,"['AC Service', 'Transmission Repair', 'Tire Replacement', 'General Service']",17,3.9,22.4,Available,"{'lat': 23.216343, 'long': 79.753795}"
mech_467,Scott Smith,"['Engine Repair', 'Oil Change', 'Wheel Alignment']",18,4.3,45.3,Available,"{'lat': 25.167902, 'long': 75.230375}"
mech_468,Lauren Russell,['AC Service'],1,3.3,24.0,Available,"{'lat': 20.775617, 'long': 74.210289}"
mech_469,Elizabeth Ford,"['Transmission Repair', 'Suspension Fix']",9,4.9,11.7,Available,"{'lat': 23.750076, 'long': 71.354395}"
mech_470,Jill Olson,"['AC Service', 'Suspension Fix']",9,3.3,15.7,Busy,"{'lat': 20.959363, 'long': 76.001126}"
mech_471,Anthony Edwards,"['Brake Repair', 'Battery Change', 'Engine Repair', 'Oil Change', 'Tire Replacement']",12,4.6,8.5,Available,"{'lat': 29.685432, 'long': 70.852054}"
mech_472,Bryan Becker,"['General Service', 'Wheel Alignment', 'AC Service', 'Oil Change', 'Transmission Repair']",9,3.3,18.6,Busy,"{'lat': 26.362249, 'long': 74.21779}"
mech_473,Leah Mccann,"['General Service', 'AC Service']",7,4.1,21.8,Busy,"{'lat': 29.885168, 'long': 71.074644}"
mech_474,Omar Wilson,"['General Service', 'Battery Change', 'AC Service', 'Oil Change', 'Transmission Repair']",2,4.8,28.5,Available,"{'lat': 22.756408, 'long': 76.393498}"
mech_475,Laurie Schneider,"['Battery Change', 'AC Service']",4,4.1,36.6,Busy,"{'lat': 20.687186, 'long': 71.078528}"
mech_476,Nathan Wilson,"['Brake Repair', 'Transmission Repair']",15,3.8,6.1,Available,"{'lat': 25.97602, 'long': 75.296819}"
mech_477,Joshua Montgomery,"['Tire Replacement', 'Engine Repair']",4,3.3,37.7,Available,"{'lat': 21.219128, 'long': 77.883518}"
mech_478,Angel Steele,"['Wheel Alignment', 'General Service', 'Tire Replacement']",20,3.8,36.7,Available,"{'lat': 23.1389, 'long': 76.964073}"
mech_479,Katherine Evans,"['Battery Change', 'Suspension Fix', 'Engine Repair', 'Wheel Alignment']",3,4.3,44.7,Busy,"{'lat': 21.664808, 'long': 75.285286}"
mech_480,Eric Hogan,"['Wheel Alignment', 'General Service']",5,4.1,14.2,Busy,"{'lat': 24.191005, 'long': 73.402381}"
mech_481,David Smith,"['Transmission Repair', 'Battery Change', 'Engine Repair', 'AC Service']",7,4.7,29.0,Available,"{'lat': 27.538461, 'long': 77.471409}"
mech_482,Jamie Garcia,"['Transmission Repair', 'Suspension Fix', 'Battery Change', 'AC Service', 'General Service']",20,4.2,44.4,Available,"{'lat': 26.240629, 'long': 71.66821}"
mech_483,Amanda Jimenez,['Suspension Fix'],14,3.2,22.5,Available,"{'lat': 28.376764, 'long': 79.103634}"
mech_484,Janice Wise,['Battery Change'],15,4.4,17.1,Available,"{'lat': 22.758948, 'long': 71.853723}"
mech_485,Dawn Dyer,"['Brake Repair', 'Engine Repair', 'Oil Change']",5,3.1,36.7,Busy,"{'lat': 22.774311, 'long': 70.699565}"
mech_486,Katie Berry,"['Tire Replacement', 'Brake Repair']",12,4.0,57.9,Available,"{'lat': 22.918611, 'long': 71.541661}"
mech_487,Patricia Anderson,"['Tire Replacement', 'Oil Change', 'General Service', 'AC Service', 'Wheel Alignment']",15,3.4,11.6,Available,"{'lat': 28.49247, 'long': 74.624838}"
mech_488,Diane Anderson,"['Brake Repair', 'Suspension Fix', 'AC Service']",6,4.8,22.7,Available,"{'lat': 28.571529, 'long': 78.586268}"
mech_489,Taylor Oliver,['Wheel Alignment'],20,4.5,56.2,Busy,"{'lat': 24.882648, 'long': 70.03901}"
mech_490,Stephanie Williams,"['Battery Change', 'Engine Repair']",2,3.8,43.6,Busy,"{'lat': 21.60517, 'long': 70.365241}"
mech_491,Steven Thomas DVM,"['AC Service', 'Oil Change', 'Suspension Fix', 'Wheel Alignment']",6,4.0,44.6,Available,"{'lat': 25.720901, 'long': 70.003239}"
mech_492,Deborah Carpenter,"['Engine Repair', 'AC Service']",3,4.7,13.2,Available,"{'lat': 27.029706, 'long': 78.363065}"
mech_493,Henry Davis,"['Suspension Fix', 'AC Service', 'Wheel Alignment']",18,4.7,9.4,Available,"{'lat': 25.734778, 'long': 77.799587}"
mech_494,David Lewis,"['Oil Change', 'Transmission Repair', 'Suspension Fix', 'Tire Replacement', 'Brake Repair']",11,4.1,46.8,Available,"{'lat': 27.372359, 'long': 70.763865}"
mech_495,Christopher Gutierrez,"['Transmission Repair', 'AC Service', 'Wheel Alignment', 'Engine Repair']",8,3.2,20.4,Busy,"{'lat': 23.226456, 'long': 72.660063}"
mech_496,Jessica Hatfield,"['Brake Repair', 'Battery Change', 'Engine Repair', 'Oil Change', 'Transmission Repair']",5,4.4,46.8,Busy,"{'lat': 29.790357, 'long': 75.760741}"
mech_497,Theresa Johnson,"['Oil Change', 'Wheel Alignment', 'Suspension Fix', 'AC Service', 'Brake Repair']",19,4.7,26.1,Available,"{'lat': 25.304561, 'long': 74.061667}"
mech_498,Kevin Vasquez,['Transmission Repair'],6,3.4,7.4,Busy,"{'lat': 25.575852, 'long': 70.826056}"
mech_499,Renee Pollard,"['Suspension Fix', 'Oil Change', 'AC Service', 'Brake Repair']",9,3.0,24.2,Busy,"{'lat': 26.22969, 'long': 72.004061}"
